,1,2,3,4,5,6,7,8,9,10
t_0,t_0,t_362,t_219,t_43,t_52,t_255,t_142,t_380,t_328,t_80
t_1,t_1,t_205,t_300,t_296,t_264,t_90,t_312,t_320,t_174,t_330
t_2,t_2,t_355,t_264,t_113,t_286,t_74,t_189,t_296,t_63,t_265
t_3,t_3,t_116,t_329,t_107,t_270,t_63,t_215,t_117,t_36,t_198
t_4,t_4,t_83,t_344,t_117,t_198,t_207,t_287,t_249,t_149,t_222
t_5,t_5,t_317,t_110,t_93,t_268,t_292,t_187,t_102,t_254,t_149
t_6,t_6,t_91,t_234,t_357,t_104,t_320,t_118,t_349,t_32,t_151
t_7,t_7,t_312,t_251,t_96,t_9,t_67,t_180,t_52,t_330,t_73
t_8,t_8,t_218,t_216,t_68,t_130,t_299,t_163,t_363,t_275,t_160
t_9,t_9,t_333,t_312,t_96,t_39,t_7,t_241,t_137,t_350,t_16
t_10,t_10,t_106,t_211,t_86,t_217,t_259,t_340,t_291,t_252,t_266
t_11,t_11,t_375,t_132,t_338,t_367,t_259,t_281,t_141,t_168,t_15
t_12,t_12,t_147,t_343,t_249,t_22,t_66,t_222,t_351,t_104,t_294
t_13,t_13,t_136,t_186,t_274,t_146,t_47,t_30,t_256,t_121,t_354
t_14,t_14,t_181,t_345,t_326,t_265,t_329,t_242,t_264,t_270,t_107
t_15,t_15,t_169,t_241,t_318,t_350,t_39,t_352,t_281,t_16,t_197
t_16,t_16,t_39,t_333,t_241,t_318,t_9,t_350,t_312,t_137,t_330
t_17,t_17,t_65,t_28,t_261,t_175,t_247,t_223,t_143,t_154,t_203
t_18,t_18,t_273,t_257,t_138,t_285,t_377,t_378,t_327,t_353,t_20
t_19,t_19,t_183,t_193,t_136,t_290,t_70,t_30,t_251,t_256,t_280
t_20,t_20,t_327,t_378,t_257,t_39,t_312,t_333,t_330,t_350,t_377
t_21,t_21,t_46,t_182,t_289,t_373,t_264,t_222,t_361,t_249,t_285
t_22,t_22,t_249,t_66,t_147,t_222,t_320,t_69,t_294,t_12,t_104
t_23,t_23,t_115,t_61,t_139,t_105,t_33,t_330,t_208,t_62,t_39
t_24,t_24,t_305,t_253,t_268,t_149,t_257,t_285,t_192,t_82,t_246
t_25,t_25,t_137,t_350,t_39,t_155,t_129,t_333,t_312,t_318,t_258
t_26,t_26,t_313,t_192,t_238,t_268,t_34,t_149,t_101,t_328,t_324
t_27,t_27,t_72,t_76,t_188,t_233,t_34,t_157,t_173,t_328,t_238
t_28,t_28,t_261,t_154,t_203,t_17,t_65,t_175,t_222,t_90,t_143
t_29,t_29,t_267,t_85,t_271,t_190,t_149,t_246,t_37,t_187,t_268
t_30,t_30,t_354,t_244,t_330,t_312,t_97,t_256,t_23,t_333,t_39
t_31,t_31,t_262,t_141,t_367,t_15,t_132,t_197,t_11,t_352,t_266
t_32,t_32,t_49,t_320,t_91,t_234,t_357,t_36,t_349,t_371,t_174
t_33,t_33,t_105,t_23,t_139,t_115,t_61,t_309,t_171,t_224,t_208
t_34,t_34,t_192,t_188,t_238,t_157,t_250,t_173,t_328,t_233,t_77
t_35,t_35,t_69,t_315,t_249,t_77,t_222,t_204,t_320,t_351,t_261
t_36,t_36,t_349,t_151,t_207,t_371,t_260,t_234,t_91,t_174,t_320
t_37,t_37,t_267,t_187,t_313,t_184,t_120,t_110,t_314,t_271,t_268
t_38,t_38,t_321,t_60,t_132,t_367,t_75,t_55,t_168,t_44,t_124
t_39,t_39,t_241,t_350,t_333,t_16,t_137,t_258,t_96,t_312,t_360
t_40,t_40,t_248,t_127,t_112,t_120,t_303,t_56,t_186,t_92,t_88
t_41,t_41,t_178,t_251,t_7,t_180,t_379,t_51,t_312,t_67,t_280
t_42,t_42,t_301,t_320,t_327,t_359,t_20,t_260,t_239,t_329,t_256
t_43,t_43,t_219,t_362,t_380,t_328,t_192,t_142,t_73,t_0,t_233
t_44,t_44,t_259,t_169,t_15,t_86,t_360,t_155,t_318,t_333,t_217
t_45,t_45,t_322,t_57,t_293,t_72,t_23,t_224,t_268,t_244,t_192
t_46,t_46,t_21,t_373,t_182,t_361,t_113,t_264,t_74,t_289,t_174
t_47,t_47,t_136,t_274,t_186,t_333,t_30,t_134,t_23,t_158,t_244
t_48,t_48,t_250,t_34,t_188,t_368,t_238,t_176,t_173,t_27,t_192
t_49,t_49,t_32,t_320,t_294,t_222,t_91,t_174,t_247,t_261,t_249
t_50,t_50,t_80,t_52,t_328,t_219,t_142,t_362,t_0,t_43,t_277
t_51,t_51,t_67,t_330,t_251,t_7,t_379,t_41,t_235,t_312,t_180
t_52,t_52,t_328,t_73,t_251,t_219,t_7,t_80,t_142,t_362,t_180
t_53,t_53,t_279,t_131,t_118,t_160,t_228,t_91,t_104,t_320,t_133
t_54,t_54,t_263,t_266,t_138,t_285,t_212,t_303,t_257,t_109,t_376
t_55,t_55,t_124,t_201,t_367,t_132,t_99,t_38,t_348,t_168,t_217
t_56,t_56,t_229,t_246,t_149,t_185,t_92,t_82,t_253,t_40,t_336
t_57,t_57,t_45,t_180,t_312,t_293,t_251,t_244,t_139,t_322,t_380
t_58,t_58,t_144,t_378,t_327,t_297,t_152,t_20,t_128,t_252,t_140
t_59,t_59,t_103,t_82,t_149,t_246,t_159,t_336,t_120,t_93,t_243
t_60,t_60,t_168,t_375,t_132,t_367,t_217,t_38,t_259,t_350,t_197
t_61,t_61,t_23,t_115,t_278,t_177,t_62,t_105,t_139,t_33,t_208
t_62,t_62,t_307,t_269,t_23,t_105,t_61,t_115,t_139,t_180,t_171
t_63,t_63,t_270,t_329,t_231,t_116,t_326,t_107,t_355,t_320,t_264
t_64,t_64,t_191,t_183,t_193,t_251,t_379,t_51,t_280,t_7,t_41
t_65,t_65,t_17,t_28,t_223,t_261,t_175,t_203,t_249,t_143,t_222
t_66,t_66,t_22,t_147,t_249,t_343,t_12,t_35,t_222,t_77,t_315
t_67,t_67,t_330,t_51,t_251,t_7,t_312,t_180,t_379,t_52,t_41
t_68,t_68,t_83,t_299,t_8,t_130,t_344,t_117,t_207,t_316,t_216
t_69,t_69,t_35,t_315,t_249,t_222,t_204,t_22,t_337,t_148,t_320
t_70,t_70,t_290,t_280,t_41,t_284,t_226,t_235,t_285,t_178,t_51
t_71,t_71,t_239,t_125,t_79,t_179,t_329,t_36,t_371,t_234,t_114
t_72,t_72,t_27,t_45,t_188,t_34,t_173,t_233,t_76,t_323,t_238
t_73,t_73,t_192,t_328,t_52,t_142,t_219,t_362,t_313,t_251,t_380
t_74,t_74,t_113,t_355,t_264,t_2,t_286,t_284,t_63,t_116,t_296
t_75,t_75,t_155,t_137,t_367,t_312,t_25,t_350,t_167,t_333,t_39
t_76,t_76,t_27,t_34,t_233,t_188,t_72,t_173,t_50,t_255,t_157
t_77,t_77,t_351,t_249,t_222,t_35,t_228,t_261,t_320,t_174,t_34
t_78,t_78,t_324,t_157,t_176,t_192,t_238,t_34,t_26,t_73,t_328
t_79,t_79,t_179,t_239,t_114,t_257,t_71,t_378,t_125,t_273,t_327
t_80,t_80,t_52,t_328,t_50,t_142,t_219,t_277,t_251,t_0,t_379
t_81,t_81,t_108,t_192,t_73,t_277,t_219,t_142,t_0,t_380,t_362
t_82,t_82,t_149,t_159,t_336,t_92,t_59,t_253,t_246,t_268,t_187
t_83,t_83,t_344,t_4,t_117,t_249,t_222,t_320,t_174,t_207,t_198
t_84,t_84,t_160,t_118,t_172,t_279,t_6,t_372,t_53,t_316,t_131
t_85,t_85,t_29,t_268,t_237,t_317,t_271,t_267,t_149,t_5,t_37
t_86,t_86,t_44,t_217,t_10,t_266,t_367,t_158,t_360,t_197,t_132
t_87,t_87,t_332,t_79,t_365,t_257,t_70,t_285,t_377,t_180,t_228
t_88,t_88,t_248,t_360,t_258,t_241,t_330,t_333,t_39,t_350,t_137
t_89,t_89,t_184,t_145,t_120,t_313,t_187,t_267,t_37,t_149,t_246
t_90,t_90,t_300,t_363,t_261,t_249,t_222,t_205,t_264,t_320,t_174
t_91,t_91,t_104,t_320,t_234,t_174,t_357,t_371,t_36,t_32,t_349
t_92,t_92,t_336,t_305,t_82,t_253,t_159,t_229,t_149,t_246,t_319
t_93,t_93,t_110,t_149,t_5,t_292,t_187,t_246,t_120,t_190,t_268
t_94,t_94,t_374,t_254,t_331,t_240,t_268,t_230,t_317,t_323,t_88
t_95,t_95,t_23,t_293,t_208,t_139,t_105,t_33,t_269,t_61,t_62
t_96,t_96,t_137,t_258,t_333,t_312,t_241,t_39,t_7,t_9,t_360
t_97,t_97,t_213,t_244,t_354,t_30,t_41,t_180,t_251,t_280,t_139
t_98,t_98,t_285,t_101,t_149,t_268,t_220,t_313,t_377,t_192,t_26
t_99,t_99,t_137,t_360,t_55,t_367,t_258,t_132,t_259,t_241,t_197
t_100,t_100,t_359,t_284,t_170,t_264,t_21,t_90,t_290,t_251,t_312
t_101,t_101,t_313,t_98,t_149,t_304,t_26,t_246,t_192,t_268,t_319
t_102,t_102,t_187,t_317,t_292,t_110,t_334,t_314,t_5,t_358,t_37
t_103,t_103,t_59,t_159,t_82,t_149,t_302,t_253,t_319,t_246,t_272
t_104,t_104,t_91,t_320,t_174,t_339,t_249,t_222,t_261,t_316,t_160
t_105,t_105,t_139,t_180,t_115,t_33,t_276,t_23,t_96,t_62,t_241
t_106,t_106,t_168,t_10,t_211,t_15,t_370,t_217,t_297,t_367,t_141
t_107,t_107,t_215,t_116,t_63,t_329,t_270,t_3,t_242,t_326,t_349
t_108,t_108,t_81,t_192,t_73,t_219,t_362,t_277,t_380,t_328,t_142
t_109,t_109,t_257,t_20,t_327,t_239,t_320,t_378,t_197,t_211,t_125
t_110,t_110,t_187,t_292,t_37,t_267,t_358,t_120,t_93,t_313,t_5
t_111,t_111,t_132,t_167,t_321,t_198,t_58,t_375,t_367,t_155,t_16
t_112,t_112,t_248,t_40,t_88,t_165,t_364,t_210,t_127,t_161,t_268
t_113,t_113,t_355,t_264,t_286,t_2,t_74,t_63,t_296,t_359,t_326
t_114,t_114,t_79,t_179,t_239,t_71,t_125,t_257,t_330,t_182,t_164
t_115,t_115,t_23,t_258,t_139,t_360,t_105,t_241,t_61,t_137,t_333
t_116,t_116,t_215,t_107,t_329,t_63,t_264,t_3,t_270,t_320,t_174
t_117,t_117,t_83,t_4,t_329,t_326,t_63,t_373,t_320,t_242,t_270
t_118,t_118,t_160,t_339,t_133,t_320,t_316,t_91,t_84,t_104,t_53
t_119,t_119,t_166,t_109,t_306,t_291,t_263,t_303,t_285,t_377,t_257
t_120,t_120,t_358,t_187,t_313,t_268,t_267,t_184,t_246,t_37,t_149
t_121,t_121,t_127,t_295,t_134,t_248,t_298,t_278,t_88,t_136,t_380
t_122,t_122,t_163,t_154,t_275,t_133,t_261,t_216,t_316,t_228,t_118
t_123,t_123,t_182,t_361,t_289,t_21,t_2,t_286,t_353,t_113,t_285
t_124,t_124,t_55,t_367,t_348,t_201,t_141,t_132,t_197,t_217,t_352
t_125,t_125,t_239,t_260,t_71,t_320,t_256,t_333,t_330,t_329,t_318
t_126,t_126,t_272,t_145,t_149,t_246,t_184,t_313,t_89,t_268,t_120
t_127,t_127,t_121,t_248,t_40,t_295,t_88,t_134,t_186,t_192,t_57
t_128,t_128,t_144,t_378,t_297,t_58,t_327,t_252,t_60,t_20,t_152
t_129,t_129,t_25,t_137,t_155,t_39,t_350,t_9,t_333,t_312,t_318
t_130,t_130,t_299,t_216,t_68,t_316,t_8,t_339,t_133,t_104,t_207
t_131,t_131,t_53,t_279,t_32,t_228,t_320,t_249,t_104,t_222,t_84
t_132,t_132,t_367,t_197,t_350,t_321,t_60,t_318,t_111,t_217,t_312
t_133,t_133,t_216,t_316,t_118,t_339,t_104,t_160,t_53,t_122,t_91
t_134,t_134,t_295,t_298,t_121,t_278,t_248,t_23,t_30,t_244,t_61
t_135,t_135,t_228,t_247,t_28,t_261,t_154,t_49,t_203,t_232,t_131
t_136,t_136,t_13,t_47,t_274,t_30,t_244,t_306,t_333,t_180,t_121
t_137,t_137,t_258,t_333,t_360,t_39,t_241,t_350,t_96,t_155,t_9
t_138,t_138,t_308,t_18,t_257,t_273,t_54,t_263,t_200,t_285,t_109
t_139,t_139,t_180,t_105,t_23,t_115,t_312,t_251,t_33,t_244,t_192
t_140,t_140,t_297,t_378,t_58,t_327,t_156,t_369,t_20,t_252,t_212
t_141,t_141,t_352,t_124,t_132,t_367,t_262,t_303,t_197,t_217,t_31
t_142,t_142,t_328,t_362,t_219,t_73,t_192,t_380,t_52,t_258,t_43
t_143,t_143,t_247,t_203,t_154,t_28,t_261,t_232,t_228,t_49,t_17
t_144,t_144,t_128,t_58,t_378,t_297,t_327,t_252,t_30,t_152,t_20
t_145,t_145,t_184,t_89,t_272,t_126,t_149,t_313,t_246,t_120,t_187
t_146,t_146,t_235,t_51,t_330,t_67,t_13,t_251,t_19,t_290,t_312
t_147,t_147,t_12,t_343,t_22,t_249,t_66,t_351,t_222,t_35,t_69
t_148,t_148,t_204,t_249,t_222,t_69,t_315,t_337,t_35,t_325,t_320
t_149,t_149,t_268,t_82,t_222,t_246,t_336,t_192,t_249,t_285,t_120
t_150,t_150,t_314,t_209,t_292,t_267,t_187,t_120,t_313,t_149,t_37
t_151,t_151,t_349,t_36,t_207,t_234,t_91,t_174,t_371,t_320,t_104
t_152,t_152,t_327,t_58,t_252,t_378,t_20,t_196,t_144,t_377,t_257
t_153,t_153,t_320,t_84,t_261,t_222,t_174,t_141,t_49,t_196,t_249
t_154,t_154,t_203,t_261,t_228,t_28,t_320,t_222,t_249,t_143,t_122
t_155,t_155,t_137,t_333,t_350,t_39,t_318,t_258,t_9,t_312,t_25
t_156,t_156,t_369,t_327,t_20,t_109,t_239,t_257,t_260,t_378,t_303
t_157,t_157,t_34,t_238,t_188,t_77,t_192,t_328,t_324,t_26,t_250
t_158,t_158,t_341,t_338,t_367,t_318,t_15,t_47,t_86,t_44,t_169
t_159,t_159,t_319,t_302,t_253,t_82,t_92,t_103,t_336,t_229,t_305
t_160,t_160,t_339,t_118,t_84,t_172,t_104,t_249,t_222,t_372,t_174
t_161,t_161,t_248,t_88,t_230,t_254,t_95,t_374,t_240,t_189,t_94
t_162,t_162,t_209,t_149,t_93,t_253,t_199,t_246,t_292,t_336,t_249
t_163,t_163,t_275,t_122,t_216,t_154,t_261,t_90,t_133,t_316,t_8
t_164,t_164,t_109,t_179,t_257,t_71,t_266,t_285,t_114,t_306,t_263
t_165,t_165,t_194,t_315,t_227,t_288,t_249,t_222,t_363,t_77,t_242
t_166,t_166,t_263,t_119,t_308,t_210,t_371,t_303,t_266,t_141,t_243
t_167,t_167,t_350,t_25,t_111,t_75,t_155,t_132,t_137,t_375,t_39
t_168,t_168,t_60,t_367,t_169,t_132,t_106,t_259,t_217,t_75,t_282
t_169,t_169,t_15,t_318,t_241,t_39,t_350,t_16,t_352,t_312,t_367
t_170,t_170,t_284,t_100,t_365,t_242,t_210,t_74,t_70,t_264,t_290
t_171,t_171,t_139,t_105,t_23,t_33,t_115,t_309,t_62,t_180,t_276
t_172,t_172,t_160,t_84,t_104,t_339,t_118,t_372,t_6,t_91,t_279
t_173,t_173,t_188,t_34,t_250,t_238,t_72,t_76,t_27,t_26,t_323
t_174,t_174,t_320,t_249,t_222,t_261,t_104,t_234,t_371,t_357,t_91
t_175,t_175,t_28,t_17,t_261,t_154,t_65,t_203,t_143,t_90,t_275
t_176,t_176,t_324,t_192,t_238,t_73,t_362,t_34,t_380,t_26,t_157
t_177,t_177,t_61,t_278,t_195,t_33,t_208,t_23,t_115,t_62,t_105
t_178,t_178,t_41,t_251,t_312,t_180,t_67,t_7,t_51,t_285,t_280
t_179,t_179,t_79,t_239,t_114,t_71,t_257,t_125,t_273,t_327,t_377
t_180,t_180,t_139,t_105,t_251,t_312,t_7,t_192,t_73,t_67,t_328
t_181,t_181,t_14,t_345,t_326,t_2,t_284,t_264,t_170,t_113,t_242
t_182,t_182,t_289,t_21,t_222,t_361,t_285,t_365,t_249,t_214,t_264
t_183,t_183,t_251,t_256,t_64,t_330,t_193,t_312,t_379,t_191,t_290
t_184,t_184,t_89,t_145,t_313,t_267,t_120,t_187,t_37,t_73,t_192
t_185,t_185,t_229,t_120,t_246,t_358,t_187,t_149,t_268,t_336,t_313
t_186,t_186,t_13,t_30,t_47,t_274,t_244,t_354,t_136,t_226,t_180
t_187,t_187,t_110,t_267,t_313,t_120,t_37,t_292,t_192,t_268,t_184
t_188,t_188,t_173,t_34,t_27,t_157,t_72,t_76,t_238,t_250,t_233
t_189,t_189,t_296,t_264,t_2,t_265,t_74,t_113,t_355,t_345,t_205
t_190,t_190,t_149,t_29,t_334,t_246,t_314,t_110,t_93,t_267,t_209
t_191,t_191,t_64,t_183,t_193,t_251,t_57,t_19,t_134,t_2,t_149
t_192,t_192,t_73,t_328,t_312,t_222,t_268,t_285,t_313,t_142,t_324
t_193,t_193,t_379,t_251,t_183,t_261,t_64,t_7,t_51,t_41,t_180
t_194,t_194,t_165,t_249,t_363,t_90,t_288,t_222,t_320,t_236,t_227
t_195,t_195,t_23,t_278,t_177,t_61,t_307,t_139,t_115,t_276,t_208
t_196,t_196,t_377,t_285,t_257,t_312,t_251,t_7,t_192,t_187,t_222
t_197,t_197,t_281,t_327,t_350,t_132,t_20,t_318,t_312,t_39,t_320
t_198,t_198,t_83,t_4,t_117,t_3,t_344,t_111,t_68,t_265,t_329
t_199,t_199,t_268,t_327,t_162,t_237,t_5,t_366,t_310,t_58,t_240
t_200,t_200,t_340,t_239,t_18,t_327,t_378,t_257,t_138,t_20,t_252
t_201,t_201,t_348,t_55,t_124,t_132,t_197,t_352,t_367,t_75,t_119
t_202,t_202,t_236,t_363,t_117,t_316,t_288,t_205,t_149,t_90,t_347
t_203,t_203,t_154,t_143,t_261,t_28,t_228,t_247,t_320,t_232,t_249
t_204,t_204,t_249,t_148,t_222,t_35,t_315,t_322,t_69,t_337,t_261
t_205,t_205,t_264,t_1,t_300,t_90,t_312,t_285,t_222,t_363,t_249
t_206,t_206,t_377,t_285,t_376,t_196,t_257,t_244,t_67,t_327,t_312
t_207,t_207,t_36,t_349,t_344,t_151,t_299,t_260,t_83,t_371,t_174
t_208,t_208,t_23,t_115,t_105,t_61,t_293,t_139,t_33,t_307,t_309
t_209,t_209,t_150,t_149,t_336,t_92,t_162,t_159,t_82,t_246,t_319
t_210,t_210,t_365,t_170,t_21,t_242,t_264,t_222,t_285,t_182,t_257
t_211,t_211,t_212,t_266,t_20,t_303,t_109,t_327,t_239,t_197,t_39
t_212,t_212,t_211,t_266,t_303,t_54,t_168,t_263,t_140,t_285,t_309
t_213,t_213,t_244,t_97,t_41,t_180,t_51,t_251,t_67,t_7,t_139
t_214,t_214,t_182,t_298,t_365,t_312,t_222,t_180,t_289,t_43,t_251
t_215,t_215,t_116,t_107,t_329,t_270,t_63,t_3,t_326,t_264,t_320
t_216,t_216,t_316,t_133,t_339,t_8,t_275,t_104,t_118,t_163,t_130
t_217,t_217,t_318,t_132,t_350,t_197,t_367,t_312,t_39,t_169,t_241
t_218,t_218,t_8,t_275,t_363,t_90,t_216,t_133,t_163,t_300,t_32
t_219,t_219,t_43,t_142,t_362,t_73,t_0,t_328,t_380,t_52,t_192
t_220,t_220,t_304,t_98,t_149,t_246,t_101,t_313,t_145,t_120,t_37
t_221,t_221,t_43,t_380,t_233,t_362,t_219,t_142,t_328,t_255,t_34
t_222,t_222,t_249,t_261,t_174,t_320,t_285,t_312,t_257,t_192,t_268
t_223,t_223,t_65,t_17,t_261,t_275,t_194,t_249,t_90,t_320,t_316
t_224,t_224,t_309,t_105,t_33,t_276,t_139,t_307,t_23,t_115,t_171
t_225,t_225,t_363,t_90,t_300,t_267,t_288,t_205,t_249,t_222,t_261
t_226,t_226,t_280,t_178,t_290,t_70,t_51,t_41,t_251,t_67,t_330
t_227,t_227,t_249,t_342,t_165,t_194,t_222,t_315,t_337,t_174,t_363
t_228,t_228,t_261,t_154,t_320,t_249,t_222,t_203,t_135,t_174,t_247
t_229,t_229,t_185,t_246,t_92,t_159,t_120,t_56,t_336,t_358,t_319
t_230,t_230,t_283,t_323,t_161,t_248,t_88,t_89,t_94,t_16,t_268
t_231,t_231,t_63,t_329,t_270,t_107,t_3,t_36,t_355,t_264,t_42
t_232,t_232,t_203,t_228,t_154,t_143,t_261,t_247,t_28,t_135,t_249
t_233,t_233,t_255,t_380,t_328,t_362,t_43,t_192,t_142,t_219,t_73
t_234,t_234,t_371,t_357,t_174,t_91,t_36,t_260,t_320,t_151,t_349
t_235,t_235,t_51,t_67,t_330,t_146,t_280,t_70,t_41,t_290,t_251
t_236,t_236,t_347,t_288,t_117,t_260,t_242,t_329,t_326,t_363,t_270
t_237,t_237,t_366,t_268,t_310,t_331,t_85,t_317,t_254,t_240,t_305
t_238,t_238,t_34,t_26,t_157,t_176,t_188,t_173,t_250,t_233,t_324
t_239,t_239,t_125,t_71,t_79,t_179,t_320,t_260,t_330,t_39,t_20
t_240,t_240,t_94,t_310,t_366,t_254,t_136,t_237,t_268,t_190,t_161
t_241,t_241,t_39,t_333,t_258,t_360,t_137,t_350,t_96,t_9,t_330
t_242,t_242,t_326,t_63,t_107,t_329,t_260,t_125,t_365,t_36,t_270
t_243,t_243,t_364,t_120,t_184,t_149,t_267,t_246,t_37,t_89,t_313
t_244,t_244,t_213,t_97,t_180,t_139,t_30,t_312,t_251,t_41,t_285
t_245,t_245,t_364,t_145,t_184,t_243,t_89,t_120,t_313,t_149,t_246
t_246,t_246,t_229,t_149,t_120,t_187,t_192,t_268,t_313,t_336,t_82
t_247,t_247,t_143,t_228,t_203,t_154,t_261,t_49,t_28,t_135,t_17
t_248,t_248,t_88,t_112,t_268,t_127,t_161,t_23,t_149,t_139,t_312
t_249,t_249,t_222,t_261,t_320,t_174,t_257,t_285,t_312,t_104,t_192
t_250,t_250,t_34,t_48,t_173,t_188,t_238,t_157,t_192,t_233,t_26
t_251,t_251,t_312,t_7,t_379,t_180,t_67,t_52,t_285,t_73,t_192
t_252,t_252,t_327,t_378,t_197,t_20,t_152,t_144,t_356,t_58,t_297
t_253,t_253,t_305,t_159,t_24,t_92,t_82,t_336,t_319,t_149,t_268
t_254,t_254,t_94,t_268,t_317,t_374,t_161,t_366,t_310,t_237,t_240
t_255,t_255,t_233,t_219,t_380,t_362,t_346,t_0,t_328,t_142,t_52
t_256,t_256,t_125,t_330,t_183,t_333,t_239,t_290,t_39,t_30,t_320
t_257,t_257,t_285,t_377,t_222,t_327,t_312,t_249,t_20,t_273,t_320
t_258,t_258,t_137,t_360,t_333,t_241,t_350,t_39,t_96,t_115,t_88
t_259,t_259,t_44,t_168,t_60,t_197,t_15,t_333,t_155,t_318,t_375
t_260,t_260,t_125,t_36,t_239,t_234,t_320,t_371,t_349,t_329,t_174
t_261,t_261,t_222,t_249,t_320,t_228,t_174,t_154,t_28,t_203,t_90
t_262,t_262,t_31,t_132,t_141,t_217,t_367,t_338,t_375,t_44,t_25
t_263,t_263,t_166,t_291,t_303,t_285,t_54,t_377,t_266,t_119,t_257
t_264,t_264,t_296,t_205,t_355,t_189,t_2,t_113,t_116,t_312,t_222
t_265,t_265,t_264,t_189,t_2,t_14,t_355,t_345,t_270,t_113,t_296
t_266,t_266,t_303,t_212,t_211,t_285,t_54,t_263,t_86,t_327,t_257
t_267,t_267,t_37,t_187,t_313,t_314,t_184,t_73,t_120,t_192,t_328
t_268,t_268,t_192,t_285,t_222,t_149,t_187,t_120,t_312,t_249,t_313
t_269,t_269,t_62,t_307,t_23,t_115,t_61,t_105,t_195,t_139,t_33
t_270,t_270,t_329,t_63,t_116,t_231,t_326,t_320,t_107,t_3,t_260
t_271,t_271,t_37,t_29,t_149,t_85,t_222,t_313,t_187,t_190,t_89
t_272,t_272,t_126,t_145,t_184,t_313,t_319,t_149,t_229,t_246,t_120
t_273,t_273,t_257,t_18,t_79,t_378,t_377,t_285,t_179,t_327,t_109
t_274,t_274,t_13,t_47,t_136,t_186,t_30,t_328,t_244,t_23,t_312
t_275,t_275,t_163,t_122,t_90,t_261,t_216,t_300,t_28,t_222,t_316
t_276,t_276,t_105,t_139,t_180,t_115,t_244,t_208,t_61,t_248,t_171
t_277,t_277,t_192,t_73,t_142,t_219,t_328,t_52,t_80,t_108,t_81
t_278,t_278,t_61,t_177,t_134,t_195,t_115,t_23,t_105,t_295,t_139
t_279,t_279,t_53,t_131,t_84,t_118,t_160,t_339,t_104,t_133,t_320
t_280,t_280,t_226,t_41,t_251,t_51,t_7,t_67,t_379,t_178,t_180
t_281,t_281,t_197,t_15,t_16,t_350,t_352,t_39,t_318,t_169,t_241
t_282,t_282,t_241,t_338,t_367,t_168,t_47,t_341,t_13,t_318,t_75
t_283,t_283,t_323,t_230,t_89,t_374,t_149,t_268,t_16,t_248,t_94
t_284,t_284,t_170,t_100,t_74,t_70,t_264,t_113,t_290,t_205,t_285
t_285,t_285,t_377,t_257,t_196,t_312,t_222,t_376,t_251,t_192,t_249
t_286,t_286,t_113,t_2,t_74,t_355,t_264,t_265,t_21,t_232,t_182
t_287,t_287,t_242,t_117,t_349,t_83,t_107,t_36,t_205,t_63,t_329
t_288,t_288,t_363,t_90,t_205,t_236,t_194,t_264,t_345,t_249,t_222
t_289,t_289,t_182,t_21,t_361,t_264,t_222,t_214,t_174,t_116,t_365
t_290,t_290,t_70,t_256,t_42,t_376,t_330,t_312,t_183,t_280,t_301
t_291,t_291,t_353,t_263,t_119,t_18,t_308,t_141,t_285,t_138,t_377
t_292,t_292,t_110,t_187,t_358,t_267,t_37,t_93,t_120,t_5,t_102
t_293,t_293,t_45,t_23,t_322,t_208,t_61,t_57,t_115,t_309,t_62
t_294,t_294,t_49,t_320,t_222,t_22,t_249,t_32,t_204,t_261,t_174
t_295,t_295,t_134,t_121,t_298,t_127,t_278,t_248,t_139,t_192,t_180
t_296,t_296,t_264,t_189,t_300,t_355,t_1,t_2,t_205,t_113,t_326
t_297,t_297,t_58,t_128,t_378,t_140,t_144,t_252,t_327,t_340,t_106
t_298,t_298,t_134,t_214,t_295,t_182,t_180,t_331,t_244,t_192,t_312
t_299,t_299,t_130,t_207,t_349,t_36,t_316,t_68,t_339,t_151,t_91
t_300,t_300,t_90,t_261,t_205,t_296,t_222,t_363,t_1,t_249,t_7
t_301,t_301,t_42,t_350,t_320,t_239,t_260,t_329,t_326,t_290,t_327
t_302,t_302,t_159,t_319,t_304,t_92,t_229,t_253,t_103,t_305,t_157
t_303,t_303,t_266,t_211,t_212,t_263,t_109,t_327,t_20,t_257,t_285
t_304,t_304,t_220,t_101,t_302,t_98,t_149,t_313,t_159,t_246,t_319
t_305,t_305,t_24,t_253,t_92,t_336,t_268,t_192,t_324,t_187,t_285
t_306,t_306,t_119,t_109,t_308,t_136,t_179,t_257,t_285,t_263,t_273
t_307,t_307,t_62,t_269,t_23,t_61,t_115,t_208,t_139,t_105,t_195
t_308,t_308,t_138,t_18,t_306,t_353,t_340,t_257,t_291,t_166,t_168
t_309,t_309,t_224,t_33,t_23,t_105,t_208,t_171,t_293,t_115,t_61
t_310,t_310,t_366,t_237,t_268,t_240,t_254,t_305,t_92,t_192,t_331
t_311,t_311,t_312,t_7,t_9,t_96,t_350,t_39,t_333,t_137,t_318
t_312,t_312,t_7,t_251,t_330,t_9,t_96,t_39,t_333,t_350,t_285
t_313,t_313,t_26,t_267,t_187,t_73,t_192,t_184,t_120,t_328,t_314
t_314,t_314,t_334,t_267,t_313,t_187,t_73,t_37,t_150,t_120,t_184
t_315,t_315,t_69,t_35,t_249,t_222,t_204,t_165,t_337,t_261,t_325
t_316,t_316,t_216,t_133,t_339,t_104,t_174,t_320,t_118,t_91,t_160
t_317,t_317,t_5,t_37,t_254,t_187,t_102,t_267,t_268,t_184,t_110
t_318,t_318,t_333,t_39,t_350,t_241,t_312,t_137,t_16,t_155,t_9
t_319,t_319,t_159,t_302,t_253,t_92,t_82,t_229,t_336,t_272,t_313
t_320,t_320,t_174,t_249,t_222,t_261,t_104,t_91,t_312,t_257,t_330
t_321,t_321,t_132,t_38,t_350,t_44,t_197,t_155,t_111,t_75,t_129
t_322,t_322,t_45,t_293,t_204,t_57,t_72,t_23,t_249,t_274,t_335
t_323,t_323,t_283,t_230,t_268,t_24,t_72,t_26,t_89,t_149,t_173
t_324,t_324,t_176,t_192,t_73,t_78,t_142,t_328,t_380,t_219,t_362
t_325,t_325,t_337,t_222,t_249,t_104,t_320,t_261,t_174,t_300,t_28
t_326,t_326,t_345,t_329,t_63,t_14,t_181,t_270,t_242,t_117,t_264
t_327,t_327,t_378,t_20,t_257,t_252,t_152,t_285,t_377,t_197,t_312
t_328,t_328,t_52,t_142,t_73,t_192,t_362,t_219,t_380,t_43,t_251
t_329,t_329,t_270,t_63,t_116,t_326,t_320,t_231,t_3,t_260,t_239
t_330,t_330,t_67,t_312,t_51,t_39,t_333,t_241,t_350,t_137,t_258
t_331,t_331,t_94,t_298,t_268,t_237,t_317,t_88,t_254,t_267,t_288
t_332,t_332,t_87,t_178,t_79,t_180,t_41,t_312,t_335,t_365,t_257
t_333,t_333,t_137,t_258,t_241,t_39,t_350,t_360,t_96,t_9,t_312
t_334,t_334,t_314,t_190,t_102,t_149,t_37,t_267,t_187,t_120,t_313
t_335,t_335,t_255,t_43,t_219,t_380,t_328,t_362,t_332,t_180,t_192
t_336,t_336,t_92,t_149,t_82,t_246,t_187,t_268,t_192,t_313,t_253
t_337,t_337,t_325,t_222,t_249,t_261,t_90,t_320,t_300,t_315,t_174
t_338,t_338,t_370,t_341,t_367,t_241,t_11,t_282,t_158,t_75,t_262
t_339,t_339,t_160,t_104,t_316,t_174,t_249,t_118,t_222,t_261,t_320
t_340,t_340,t_200,t_327,t_18,t_303,t_308,t_297,t_239,t_166,t_10
t_341,t_341,t_158,t_338,t_318,t_367,t_282,t_60,t_321,t_166,t_217
t_342,t_342,t_249,t_227,t_77,t_351,t_222,t_325,t_261,t_320,t_165
t_343,t_343,t_147,t_12,t_351,t_249,t_66,t_22,t_222,t_77,t_35
t_344,t_344,t_83,t_4,t_207,t_117,t_68,t_316,t_222,t_249,t_339
t_345,t_345,t_181,t_14,t_326,t_264,t_242,t_113,t_329,t_265,t_205
t_346,t_346,t_380,t_219,t_328,t_73,t_142,t_192,t_362,t_255,t_52
t_347,t_347,t_236,t_222,t_346,t_249,t_241,t_96,t_9,t_261,t_192
t_348,t_348,t_201,t_197,t_132,t_25,t_217,t_124,t_367,t_55,t_338
t_349,t_349,t_36,t_151,t_207,t_371,t_320,t_174,t_91,t_260,t_234
t_350,t_350,t_39,t_333,t_258,t_137,t_241,t_360,t_312,t_96,t_9
t_351,t_351,t_77,t_343,t_342,t_147,t_249,t_35,t_228,t_222,t_320
t_352,t_352,t_39,t_241,t_16,t_318,t_350,t_15,t_125,t_333,t_239
t_353,t_353,t_291,t_18,t_308,t_109,t_263,t_138,t_123,t_371,t_285
t_354,t_354,t_30,t_97,t_244,t_213,t_251,t_180,t_186,t_67,t_136
t_355,t_355,t_2,t_264,t_113,t_63,t_296,t_74,t_329,t_286,t_270
t_356,t_356,t_20,t_327,t_239,t_109,t_16,t_197,t_260,t_378,t_125
t_357,t_357,t_234,t_174,t_320,t_91,t_371,t_32,t_104,t_260,t_36
t_358,t_358,t_120,t_187,t_110,t_267,t_313,t_37,t_292,t_184,t_229
t_359,t_359,t_100,t_42,t_329,t_113,t_256,t_63,t_320,t_260,t_242
t_360,t_360,t_258,t_137,t_241,t_333,t_350,t_39,t_96,t_88,t_115
t_361,t_361,t_182,t_289,t_21,t_123,t_113,t_46,t_264,t_222,t_205
t_362,t_362,t_0,t_142,t_219,t_380,t_328,t_43,t_73,t_192,t_52
t_363,t_363,t_90,t_225,t_249,t_261,t_222,t_300,t_205,t_264,t_320
t_364,t_364,t_243,t_245,t_145,t_120,t_246,t_89,t_187,t_184,t_267
t_365,t_365,t_210,t_222,t_182,t_257,t_285,t_249,t_214,t_242,t_264
t_366,t_366,t_237,t_268,t_310,t_120,t_336,t_305,t_254,t_192,t_240
t_367,t_367,t_312,t_132,t_75,t_168,t_217,t_23,t_169,t_244,t_249
t_368,t_368,t_258,t_142,t_241,t_137,t_43,t_362,t_380,t_328,t_333
t_369,t_369,t_156,t_20,t_327,t_356,t_140,t_301,t_125,t_378,t_239
t_370,t_370,t_338,t_15,t_169,t_367,t_106,t_44,t_168,t_241,t_217
t_371,t_371,t_234,t_174,t_36,t_349,t_91,t_320,t_260,t_357,t_32
t_372,t_372,t_160,t_339,t_151,t_118,t_104,t_91,t_320,t_6,t_36
t_373,t_373,t_21,t_46,t_117,t_260,t_63,t_242,t_359,t_125,t_234
t_374,t_374,t_94,t_254,t_268,t_161,t_283,t_310,t_134,t_230,t_366
t_375,t_375,t_11,t_60,t_367,t_132,t_141,t_167,t_259,t_197,t_262
t_376,t_376,t_285,t_377,t_206,t_257,t_20,t_290,t_327,t_196,t_109
t_377,t_377,t_285,t_196,t_257,t_376,t_312,t_327,t_20,t_206,t_251
t_378,t_378,t_327,t_20,t_257,t_128,t_144,t_252,t_79,t_58,t_285
t_379,t_379,t_251,t_193,t_7,t_41,t_51,t_67,t_180,t_52,t_312
t_380,t_380,t_346,t_362,t_219,t_328,t_43,t_142,t_73,t_192,t_233
